file_name,bertscore_precision,bertscore_recall,bertscore_f1,ref_cand_sim,query_cand_relevance,aggregated_metric,rouge1_precision,rouge1_recall,rouge1_f1,rouge2_precision,rouge2_recall,rouge2_f1,rougeL_precision,rougeL_recall,rougeL_f1
test_end_to_end_gemma3:12b.csv,0.6181405004663546,0.6145158204876009,0.6138351035121797,0.57750416,0.5937642,0.7266809,0.35815662506815266,0.32432450999935014,0.30853889377207844,0.11223708589512538,0.09684768336657402,0.0937383738000137,0.24560872297877612,0.21391665453095318,0.20572029410831388
test_end_to_end_gemma3:12b-finetuned.csv,0.6447485731761964,0.6401467334295883,0.6416774050609402,0.5760583,0.519988,0.623912,0.35670205855099946,0.35867204913921713,0.344130285900268,0.10547461284972746,0.10758345628526302,0.101411482362751,0.2265673131931515,0.23257158691223073,0.21989627934731368
test_end_to_end_gemma3:27b.csv,0.618866603638305,0.6296026226682742,0.6222094365687213,0.5919935,0.560496,0.70329916,0.33490395998807637,0.356240668240278,0.3200959069996734,0.09565472170103331,0.10007625067637818,0.09073969766605458,0.2216575027518349,0.23140982356388173,0.20821979253538142
